Designator,Val,Package,Mid X,Mid Y,Rotation,Layer
C1,100n,100nF_0603,44.070000,108.740000,-90.000000,top
C2,10uF,10uF_10V_0603,44.070000,111.260000,90.000000,top
C3,10uF,10uF_10V_0603,46.990000,112.840000,0.000000,top
C4,10uF,10uF_10V_0603,47.190000,107.030000,0.000000,top
Con1,Header_Socket_2x20pin,Header_Socket_Vertical_2x20x2_54mm,66.180000,123.430000,0.000000,top
Con2,2041119-1,2041119-1,66.450000,92.717500,180.000000,top
D1,KPG-1608SURKC-T,LED_KPG-1608SURKC-T,73.640000,113.160000,180.000000,top
R3,200R,200R_0603,70.950000,113.160000,180.000000,top
U1,LD39200,LD39200PU33R,46.950000,109.980000,90.000000,top
